{
  "ml": {
    "282eef": {
      "lock": true,
      "pos": {
        "x": 3.604922,
        "y": 0.9751,
        "z": 10.3349266
      },
      "rot": {
        "x": 0,
        "y": 180,
        "z": 0
      }
    },
    "57ec5b": {
      "lock": true,
      "pos": {
        "x": 3.604922,
        "y": 0.9751,
        "z": 4.844073
      },
      "rot": {
        "x": 0,
        "y": 180,
        "z": 0
      }
    },
    "29b7f4": {
      "lock": true,
      "pos": {
        "x": 3.604922,
        "y": 0.9751,
        "z": -0.5171205
      },
      "rot": {
        "x": 0,
        "y": 180,
        "z": 0
      }
    },
    "684897": {
      "lock": true,
      "pos": {
        "x": 3.604922,
        "y": 0.9751,
        "z": -5.7346406
      },
      "rot": {
        "x": 0,
        "y": 180,
        "z": 0
      }
    },
    "7cdd34": {
      "lock": true,
      "pos": {
        "x": 3.604922,
        "y": 0.9751,
        "z": -11.2339907
      },
      "rot": {
        "x": 0,
        "y": 180,
        "z": 0
      }
    },
    "d257a9": {
      "lock": true,
      "pos": {
        "x": -3.29014039,
        "y": 0.9751,
        "z": 10.3268509
      },
      "rot": {
        "x": 0,
        "y": 180,
        "z": 0
      }
    },
    "005ab9": {
      "lock": true,
      "pos": {
        "x": -3.29014039,
        "y": 0.9751,
        "z": 4.823626
      },
      "rot": {
        "x": 0,
        "y": 180,
        "z": 0
      }
    },
    "919f4c": {
      "lock": true,
      "pos": {
        "x": -3.29014039,
        "y": 0.9751,
        "z": -0.641958654
      },
      "rot": {
        "x": 0,
        "y": 180,
        "z": 0
      }
    },
    "6f9044": {
      "lock": true,
      "pos": {
        "x": -3.29014039,
        "y": 0.9751,
        "z": -5.77987432
      },
      "rot": {
        "x": 0,
        "y": 180,
        "z": 0
      }
    },
    "0dccdf": {
      "lock": true,
      "pos": {
        "x": -3.29014039,
        "y": 0.9751,
        "z": -11.0767365
      },
      "rot": {
        "x": 0,
        "y": 180,
        "z": 0
      }
    },
    "243f54": {
      "lock": true,
      "pos": {
        "x": -24.4872169,
        "y": 0.9751,
        "z": 15.2365255
      },
      "rot": {
        "x": 0,
        "y": 180,
        "z": 0
      }
    },
    "3abec3": {
      "lock": true,
      "pos": {
        "x": -10.6176167,
        "y": 0.9751,
        "z": 15.2365255
      },
      "rot": {
        "x": 0,
        "y": 180,
        "z": 0
      }
    },
    "4f2daa": {
      "lock": true,
      "pos": {
        "x": -10.6176167,
        "y": 0.9751,
        "z": -14.4426394
      },
      "rot": {
        "x": 0,
        "y": 180,
        "z": 0
      }
    },
    "bdc0fa": {
      "lock": true,
      "pos": {
        "x": -17.5614777,
        "y": 0.9751,
        "z": 9.283935
      },
      "rot": {
        "x": 0,
        "y": 180,
        "z": 0
      }
    },
    "aa0419": {
      "lock": true,
      "pos": {
        "x": -17.5614777,
        "y": 0.9751,
        "z": 3.41999388
      },
      "rot": {
        "x": 0,
        "y": 180,
        "z": 0
      }
    },
    "f8f956": {
      "lock": true,
      "pos": {
        "x": -17.5434265,
        "y": 0.9751,
        "z": 15.2177382
      },
      "rot": {
        "x": 0,
        "y": 180,
        "z": 0
      }
    },
    "f30a3b": {
      "lock": true,
      "pos": {
        "x": -17.5434265,
        "y": 0.9751,
        "z": -8.691918
      },
      "rot": {
        "x": 0,
        "y": 180,
        "z": 0
      }
    },
    "5b73b1": {
      "lock": true,
      "pos": {
        "x": -17.5434265,
        "y": 0.9751,
        "z": -14.4803553
      },
      "rot": {
        "x": 0,
        "y": 180,
        "z": 0
      }
    },
    "d4c201": {
      "lock": true,
      "pos": {
        "x": -17.5434265,
        "y": 0.9751,
        "z": -2.79642129
      },
      "rot": {
        "x": 0,
        "y": 180,
        "z": 0
      }
    },
    "04cbeb": {
      "lock": true,
      "pos": {
        "x": -10.64456,
        "y": 0.9751,
        "z": 9.316869
      },
      "rot": {
        "x": 0,
        "y": 180,
        "z": 0
      }
    },
    "8664a1": {
      "lock": true,
      "pos": {
        "x": -10.64456,
        "y": 0.9751,
        "z": -8.658978
      },
      "rot": {
        "x": 0,
        "y": 180,
        "z": 0
      }
    },
    "3e1971": {
      "lock": true,
      "pos": {
        "x": -10.64456,
        "y": 0.9751,
        "z": 3.3125205
      },
      "rot": {
        "x": 0,
        "y": 180,
        "z": 0
      }
    },
    "e0a21f": {
      "lock": true,
      "pos": {
        "x": -11.4946146,
        "y": 0.9751,
        "z": 53.2999954
      },
      "rot": {
        "x": 0,
        "y": 180,
        "z": 0
      }
    },
    "6b0fb3": {
      "lock": true,
      "pos": {
        "x": -24.4908485,
        "y": 0.9751,
        "z": 3.36057544
      },
      "rot": {
        "x": 0,
        "y": 180,
        "z": 0
      }
    },
    "694018": {
      "lock": true,
      "pos": {
        "x": -24.4908485,
        "y": 0.9751,
        "z": -2.77350974
      },
      "rot": {
        "x": 0,
        "y": 180,
        "z": 0
      }
    },
    "6b2edf": {
      "lock": true,
      "pos": {
        "x": -24.4908485,
        "y": 0.9751,
        "z": -8.664544
      },
      "rot": {
        "x": 0,
        "y": 180,
        "z": 0
      }
    },
    "61856a": {
      "lock": true,
      "pos": {
        "x": -24.4908485,
        "y": 0.9751,
        "z": -14.4225626
      },
      "rot": {
        "x": 0,
        "y": 180,
        "z": 0
      }
    }
  }
}
